trade_date,open,high,low,close,pre_close,pct_chg,vol,amount,pe_ttm,pb,turnover_rate,total_mv,circ_mv
20250703,19.8,20.05,19.71,19.92,19.89,0.1508,98638.01,195968.315,,9.4296,1.2607,1727100.7584,1558551.0648
20250704,19.89,19.9,19.5,19.67,19.92,-1.255,116484.02,229364.331,,9.3113,1.4888,1705425.2971,1538990.936
20250707,19.61,19.67,19.33,19.37,19.67,-1.5252,95763.03,185913.384,,9.1692,1.224,1679414.7435,1515518.7814
20250708,19.37,19.9,19.35,19.86,19.37,2.5297,137818.09,271772.394,,9.4012,1.7615,1721898.6477,1553856.6339
20250709,19.97,20.22,19.73,19.77,19.86,-0.4532,147411.94,294630.772,,9.3586,1.8841,1714095.4816,1546814.9875
20250710,19.65,19.83,19.6,19.7,19.77,-0.3541,96992.14,191107.625,,9.3255,1.2397,1708026.3524,1541338.1514
20250711,19.7,20.29,19.65,20.18,19.7,2.4365,213771.47,428744.77,,9.5527,2.7322,1749643.2382,1578893.5988
20250714,20.28,20.55,20.15,20.39,20.18,1.0406,242528.06,493939.547,,9.6521,3.0998,1767850.6257,1595324.107
20250715,20.45,20.69,20.3,20.58,20.39,0.9318,257934.48,528972.445,,9.742,3.2967,1784323.9763,1610189.8049
20250716,20.59,20.8,20.37,20.56,20.58,-0.0972,236230.1,486951.344,,9.7326,3.0193,1782589.9394,1608624.9946
20250717,20.5,21.13,20.4,21.03,20.56,2.286,295007.94,615325.435,,9.955,3.7705,1823339.8067,1645398.0368
20250718,21.12,21.2,20.88,21.14,21.03,0.5231,237594.13,500234.771,,10.0071,3.0367,1832877.0096,1654004.4934
20250721,21.5,21.79,21.16,21.37,21.14,1.088,347391.8,744592.565,,10.116,4.4401,1852818.4341,1671999.812
20250722,21.22,21.36,21,21.14,21.37,-1.0763,279231.78,590772.548,,10.0071,3.5689,1832877.0096,1654004.4934
20250723,21.12,21.17,20.84,20.91,21.14,-1.088,189799.72,398752.458,,9.8982,2.4258,1812935.5852,1636009.1749
20250724,21.1,21.67,21.1,21.44,20.91,2.5347,242985,519379.91,,10.1491,3.1056,1858887.5632,1677476.648
20250725,21.55,21.93,21.4,21.72,21.44,1.306,287552.71,623299,,10.2817,3.6752,1883164.0799,1699383.9923
20250728,21.97,22.05,21.43,21.52,21.72,-0.9208,268569.18,580690.693,,10.187,3.4326,1865823.7109,1683735.8893
20250729,21.56,21.56,21.2,21.48,21.52,-0.1859,170771.98,364552.447,,10.1681,2.1827,1862355.637,1680606.2686
20250730,21.47,21.47,21,21.13,21.48,-1.6294,178491,378859.598,,10.0024,2.2813,1832009.9912,1653222.0883
20250731,21.15,21.48,20.9,21,21.13,-0.6152,191640.3,406803.71,,9.9408,2.4494,1820738.7513,1643050.8213
20250801,21.02,21.29,20.79,21.03,21,0.1429,155419.93,326283.381,,9.955,1.9864,1823339.8067,1645398.0368
20250804,21.02,21.78,21.02,21.72,21.03,3.281,349226.68,754270.926,,10.2817,4.4635,1883164.0799,1699383.9923
20250805,21.83,23.5,21.83,23.24,21.72,6.9982,748063.71,1702669.57,,11.0012,9.5611,2014950.8848,1818309.5756
20250806,23.55,24.38,22.91,24.21,23.24,4.1738,830463.28,1977640.863,,11.4604,10.6142,2099051.6747,1894202.8754
20250807,24.24,24.29,23.38,23.65,24.21,-2.3131,576666.28,1363849.296,,11.1953,7.3704,2050498.6413,1850388.1868
20250808,23.54,23.85,23.25,23.32,23.65,-1.3953,379597.07,891618.812,,11.0391,4.8517,2021887.0324,1824568.8168
20250811,23.5,23.88,23.35,23.61,23.32,1.2436,372483.93,879295.321,,10.9816,4.7608,2056474.5675,1847258.5662
20250812,23.61,23.65,23.01,23.14,23.61,-1.9907,363262.62,842477.035,,10.763,4.6429,2015536.7002,1810485.524
20250813,23.06,23.29,22.97,23.17,23.14,0.1296,302592.62,699505.179,,10.7769,3.8675,2018149.7556,1812832.7395
20250814,23.2,24.24,22.56,23.82,23.17,2.8054,739690.56,1737184.828,,11.0793,9.4541,2074765.955,1863689.0744
20250815,23.55,24.24,23.5,24.15,23.82,1.3854,581792.2,1397295.822,,11.2328,7.4359,2103509.564,1889508.4445
20250818,24.25,24.54,23.77,24.4,24.15,1.0352,668439.16,1621237.16,,11.349,8.5434,2125285.0253,1909068.5733
20250819,24.36,25.1,23.9,24.54,24.4,0.5738,586113.69,1435697.943,,11.4142,7.4912,2137479.2837,1920022.2455
20250820,24.54,24.54,23.9,24.34,24.54,-0.815,369213.1,894177.606,,11.3211,4.719,2120058.9146,1904374.1424
20250821,24.35,24.43,23.77,23.88,24.34,-1.8899,307567.16,738909.211,,11.1072,3.931,2079992.0658,1868383.5054
20250822,23.88,24.18,23.8,24.15,23.88,1.1307,297697.35,715571.052,,11.2328,3.8049,2103509.564,1889508.4445
20250825,24.03,24.98,24.03,24.77,24.15,2.5673,489768.4,1207400.276,,11.5211,6.2598,2157512.7081,1938017.564
20250826,24.61,24.64,24.33,24.36,24.77,-1.6552,266436.12,651733.01,,11.3304,3.4053,2121800.9515,1905938.9527
20250827,24.46,25.1,24.02,24.03,24.36,-1.3547,589111.46,1460026.083,,11.177,7.5295,2093057.3426,1880119.5827
20250828,23.95,24.24,23.29,24.24,24.03,0.8739,435699.78,1040434.741,,11.2746,5.5687,2111348.7301,1896550.0909
20250829,24.34,24.38,23.68,23.92,24.24,-1.3201,335776.58,804620.034,,10.5188,4.2916,2083476.1396,1871513.126
20250901,23.95,24.29,23.43,23.63,23.92,-1.2124,308455.41,730640.871,,10.3913,3.9424,2058216.6044,1848823.3765
20250902,23.7,24.98,22.75,24.43,23.63,3.3855,720745.33,1722070.246,,10.7431,9.2119,2127898.0807,1911415.7888
20250903,24.46,24.68,23.5,23.76,24.43,-2.7425,396407.92,951004.854,,10.4485,5.0665,2069539.8443,1858994.6435
20250904,23.7,24.25,22.1,22.51,23.76,-5.2609,420518.63,972758.737,,9.8988,5.3747,1960662.5377,1761193.9994
20250905,22.52,23.58,22.5,23.55,22.51,4.6202,341320.87,790968.737,,10.3561,4.3625,2051248.4568,1842564.1353
20250908,23.56,25.18,23.56,24.88,23.55,5.6476,580891.57,1434563.182,,10.941,7.4244,2167093.9111,1946624.0207
20250909,24.69,25,24.46,24.77,24.88,-0.4421,400065.46,990175.282,,10.8926,5.1133,2157512.7081,1938017.564
20250910,24.77,24.96,24.3,24.35,24.77,-1.6956,293652.75,720858.84,,10.7079,3.7532,2120929.9331,1905156.5476
20250911,24.2,25.4,24.08,25.4,24.35,4.3121,556738.87,1387454.896,,11.1697,7.1157,2212386.8706,1987309.0886
20250912,25.52,26.02,25.11,25.3,25.4,-0.3937,504689.76,1288305.391,,11.1257,6.4505,2203676.6861,1979485.0371
20250915,25.29,25.56,25.01,25.03,25.3,-1.0672,336576.07,850073.668,,11.007,4.3018,2180159.1879,1958360.098
20250916,25.01,26.24,24.83,25.99,25.03,3.8354,580766.13,1487319.068,,11.4291,7.4228,2263776.9593,2033470.9926
20250917,26.25,27.08,26,26.39,25.99,1.5391,615630.24,1627240.325,,11.605,7.8684,2298617.6975,2064767.1988
20250918,26.43,27.2,25.6,26.01,26.39,-1.4399,709172.69,1880661.614,,11.4379,9.064,2265518.9963,2035035.803
20250919,26.01,26.01,25,25.24,26.01,-2.9604,442433.83,1125425.69,,11.0993,5.6548,2198450.5754,1974790.6062
20250922,25.12,25.55,25.01,25.27,25.24,0.1189,264367.35,667967.71,,11.1125,3.3789,2201063.6307,1977137.8216
20250923,25.2,25.65,24.19,24.75,25.27,-2.0578,340548.99,844621.848,,10.8838,4.3526,2155770.6712,1936452.7537
20250924,24.55,25.7,24.36,25.57,24.75,3.3131,338459.89,855937.893,,11.2444,4.3259,2227194.1843,2000609.9762
20250925,25.58,26.4,25.58,25.68,25.57,0.4302,378338.36,981938.878,,11.2928,4.8356,2236775.3873,2009216.4329
20250926,25.5,25.69,24.7,24.79,25.68,-3.4657,278763.05,698779.528,,10.9014,3.5629,2159254.745,1939582.3743
20250929,24.75,25.78,24.55,25.76,24.79,3.9129,353262.84,898109.284,,11.328,4.5151,2243743.5349,2015475.6741
20250930,25.88,25.9,25.41,25.6,25.76,-0.6211,255437.38,654405.797,,11.2576,3.2648,2229807.2397,2002957.1917
20251009,25.62,26.8,24.92,26.33,25.6,2.8516,422452.5,1097759.638,,11.5786,5.3994,2293391.5867,2060072.7678
20251010,26.28,26.67,25.31,25.42,26.33,-3.4561,363376.8,939977.032,,11.1785,4.6444,2214128.9075,1988873.8989
20251013,23.9,24.93,23.51,24.81,25.42,-2.3997,338298.62,821480.832,,10.9102,4.3238,2160996.7819,1941147.1846
20251014,25.26,25.78,23.78,23.87,24.81,-3.7888,397746.35,983164.183,,10.4969,5.0836,2079121.0473,1867601.1002
20251015,23.99,24.96,23.45,24.65,23.87,3.2677,307025.31,745095.876,,10.8399,3.9241,2147060.4866,1928628.7021
20251016,24.3,24.38,23.51,23.65,24.65,-4.0568,256540.95,612405.601,,10.4001,3.2789,2059958.6413,1850388.1868
20251017,23.66,23.73,22.5,22.52,23.65,-4.778,251176.11,575677.847,,9.9032,3.2103,1961533.5562,1761976.4046
20251020,22.94,23.91,22.86,23.36,22.52,3.73,319832.81,750616.378,,10.2726,4.0878,2034699.1062,1827698.4374
20251021,23.5,23.59,23.16,23.48,23.36,0.5137,143622.86,336308.933,,10.3254,1.8357,2045151.3276,1837087.2992
20251022,23.26,23.75,23.03,23.37,23.48,-0.4685,137185.36,320824.198,,10.277,1.7534,2035570.1247,1828480.8426
20251023,23.4,23.4,22.83,23.28,23.37,-0.3851,125717.49,289573.2,,10.2374,1.6068,2027730.9586,1821439.1962
20251024,23.52,24.28,23.46,24.1,23.28,3.5223,260689.11,626180.518,,10.598,3.3319,2099154.4717,1885596.4187
20251027,24.31,24.59,23.96,24.16,24.1,0.249,203622.28,492874.535,,10.6244,2.6025,2104380.5824,1890290.8496
20251028,24.17,24.42,23.82,24.02,24.16,-0.5795,182405.34,439392.309,,10.5628,2.3313,2092186.3241,1879337.1775
20251029,24.05,24.38,23.98,24.29,24.02,1.1241,153860.31,372745.6,,10.6816,1.9665,2115703.8223,1900462.1166
20251030,24.51,25.28,24.32,24.4,24.29,0.4529,294759.78,729767.523,,10.7299,3.7674,2125285.0253,1909068.5733
20251031,24.7,25.79,24.62,25.16,24.4,3.1148,411461.21,1042783.528,,11.2917,5.2589,2191482.4277,1968531.3649
20251103,25.19,25.34,24.38,24.77,25.16,-1.5501,265130.74,656520.247,,11.1167,3.3887,2157512.7081,1938017.564
20251104,24.67,24.68,23.8,24.01,24.77,-3.0682,209940.73,505711.991,,10.7756,2.6833,2091315.3057,1878554.7724
20251105,23.58,23.94,23.3,23.75,24.01,-1.0829,154258.75,364932.184,,10.6589,1.9716,2068668.8259,1858212.2384
20251106,23.82,24.45,23.68,24.15,23.75,1.6842,164872.21,396730.294,,10.8384,2.1072,2103509.564,1889508.4445
20251107,24.17,24.2,23.59,23.61,24.15,-2.236,146841.55,347869.536,,10.596,1.8768,2056474.5675,1847258.5662
20251110,23.61,23.78,23.18,23.25,23.61,-1.5248,158769.01,370441.548,,10.4345,2.0292,2025117.9032,1819091.9807
20251111,23.5,23.83,22.95,23.02,23.25,-0.9892,149838.91,347642.025,,10.3313,1.9151,2005084.4788,1801096.6622
20251112,23.3,23.45,22.6,22.75,23.02,-1.1729,174117.72,398391.512,,10.2101,2.2254,1981566.9806,1779971.7231
20251113,22.62,22.88,22.51,22.79,22.75,0.1758,133483.72,303484.735,,10.228,1.7061,1985051.0544,1783101.3437
20251114,22.55,22.7,22.3,22.42,22.79,-1.6235,120810.3,271751.595,,10.062,1.5441,1952823.3716,1754152.353
20251117,22.31,22.57,22.23,22.44,22.42,0.0892,94064.91,210861.708,,10.071,1.2023,1954565.4085,1755717.1633
20251118,22.4,22.53,22.23,22.29,22.44,-0.6684,107550,240615.619,,10.0036,1.3746,1941500.1317,1743981.086
20251119,22.36,22.43,21.89,22.12,22.29,-0.7627,107699.09,238358.111,,9.9273,1.3765,1926692.818,1730680.1984
20251120,22.26,22.36,21.82,21.85,22.12,-1.2206,92290.6,203122.384,,9.8062,1.1796,1903175.3198,1709555.2593
20251121,21.68,22.17,21.15,21.87,21.85,0.0915,197697,428983.149,,9.8151,2.5268,1904917.3567,1711120.0696
20251124,21.75,22.1,21.38,22.01,21.87,0.6401,145631.9,316536.523,,9.878,1.8613,1917111.6151,1722073.7418
20251125,22.18,22.2,21.86,21.86,22.01,-0.6815,140724.63,310010.97,,9.8107,1.7986,1904046.3383,1710337.6645
20251126,21.86,22.05,21.65,21.93,21.86,0.3202,104372.95,228410.159,,9.8421,1.334,1910143.4674,1715814.5005
20251127,21.99,22.15,21.73,21.76,21.93,-0.7752,101562.54,222905.626,,9.7658,1.2981,1895336.1537,1702513.6129
20251128,21.6,21.97,21.59,21.93,21.76,0.7813,85600.73,186731.038,,9.8421,1.0941,1910143.4674,1715814.5005
20251201,21.91,22.43,21.91,22.43,21.93,2.28,160656.13,357930.664,,10.0665,2.0534,1953694.3901,1754934.7582
20251202,22.4,22.4,21.95,22.01,22.43,-1.8725,107637.09,237760.294,,9.878,1.3757,1917111.6151,1722073.7418
20251203,22.02,22.19,21.72,21.88,22.01,-0.5906,80790.81,176544.578,,9.8196,1.0326,1905788.3752,1711902.4748
20251204,22.34,22.65,22.03,22.44,21.88,2.5594,221738.65,496843.767,,10.071,2.8341,1954565.4085,1755717.1633
20251205,22.53,22.56,22.15,22.55,22.44,0.4902,143531.31,321824.169,,10.1203,1.8345,1964146.6115,1764323.62
20251208,22.65,22.76,22.45,22.73,22.55,0.7982,169551.13,383843.453,,10.2011,2.1671,1979824.9437,1778406.9128
20251209,22.61,22.77,22.34,22.36,22.73,-1.6278,124991.65,281148.84,,10.0351,1.5975,1947597.2609,1749457.9221
20251210,22.42,22.63,22.22,22.48,22.36,0.5367,116182.23,260559.062,,10.0889,1.4849,1958049.4823,1758846.7839
20251211,22.48,22.54,21.95,21.98,22.48,-2.2242,124538,276195.183,,9.8645,1.5917,1914498.5597,1719726.5263
20251212,21.97,22.08,21.7,22,21.98,0.091,139342.42,305029.98,,9.8735,1.7809,1916240.5966,1721291.3366
20251215,21.85,21.86,21.4,21.41,22,-2.6818,126381.29,273007.846,,9.6087,1.6153,1864850.5079,1675129.4326
20251216,21.4,21.41,20.85,20.91,21.41,-2.3354,120541.29,252986.091,,9.3843,1.5407,1821299.5852,1636009.1749
20251217,20.91,21.23,20.69,21.18,20.91,1.2912,101762.74,213215.786,,9.5055,1.3006,1844817.0835,1657134.1141
20251218,21.01,21.24,20.94,20.95,21.18,-1.0859,80496.49,169707.666,,9.4023,1.0288,1824783.659,1639138.7955
20251219,21.01,21.33,21.01,21.18,20.95,1.0979,95105.92,201671.382,,9.5055,1.2156,1844817.0835,1657134.1141
20251222,21.55,21.84,21.4,21.7,21.18,2.4551,141964.99,308017.82,,9.7388,1.8145,1890110.043,1697819.182
20251223,21.7,21.7,21.45,21.54,21.7,-0.7373,83150.4,179200.726,,9.667,1.0628,1876173.7478,1685300.6996
20251224,21.5,21.74,21.43,21.67,21.54,0.6035,75476.23,163378.695,,9.7254,0.9647,1887496.9877,1695471.9666
20251225,21.77,22.58,21.71,22.51,21.67,3.8763,230960.39,514267.105,,10.1024,2.9519,1960662.5377,1761193.9994
20251226,22.55,22.76,22.26,22.58,22.51,0.311,191883.85,432305.176,,10.1338,2.4525,1966759.6669,1766670.8355
20251229,22.74,22.95,22.55,22.84,22.58,1.1515,219967.83,501900.874,,10.2505,2.8114,1989406.1467,1787013.3695
20251230,22.61,23.8,22.6,23.66,22.84,3.5902,408693.05,956994.23,,10.6185,5.2235,2060829.6598,1851170.592
20251231,23.74,23.95,23.41,23.7,23.66,0.1691,312044.22,738725.742,,10.6364,3.9883,2064313.7336,1854300.2126
20260105,23.65,23.71,23.36,23.68,23.7,-0.0844,247302.15,582848.854,,10.6275,3.1608,2062571.6967,1852735.4023
20260106,23.7,23.9,23.47,23.73,23.68,0.2111,239282.9,566813.809,,10.6499,3.0583,2066926.789,1856647.4281
20260107,23.73,23.99,23.54,23.82,23.73,0.3793,246453.64,586088.772,,10.6903,3.1499,2074765.955,1863689.0744
20260108,23.96,24.35,23.81,24.07,23.82,1.0495,290138.23,698968.639,,10.8025,3.7083,2096541.4164,1883249.2033
20260109,23.9,24.53,23.88,24.25,24.07,0.7478,310828.93,753532.792,,10.8833,3.9727,2112219.7485,1897332.496
20260112,24.49,26.15,24.42,25.67,24.25,5.8557,580452.94,1467104.594,,11.5206,7.4188,2235904.3689,2008434.0278
20260113,25.88,26.08,24.9,25.09,25.67,-2.2594,448889.96,1139977.098,,11.2603,5.7373,2185385.2986,1963054.5289
20260114,25.23,25.86,24.68,24.94,25.09,-0.5978,402124.25,1016912.294,,11.1929,5.1396,2172320.0218,1951318.4516
20260115,24.9,25.15,24.47,24.75,24.94,-0.7618,231048.18,571983.121,,11.1077,2.9531,2155770.6712,1936452.7537
20260116,25.01,25.75,24.97,25.49,24.75,2.9899,366670.01,929447.785,,11.4398,4.6864,2220226.0367,1994350.735
20260119,25.49,25.7,25.17,25.31,25.49,-0.7062,235687.72,597805.703,,11.359,3.0123,2204547.7045,1980267.4422
20260120,25.31,25.86,24.88,25.18,25.31,-0.5136,233175.65,589132.708,,11.3007,2.9802,2193224.4647,1970096.1753
20260121,25,25.35,24.88,25.13,25.18,-0.1986,189012.17,475415.052,,11.2782,2.4158,2188869.3724,1966184.1495
20260122,25.58,25.96,25.27,25.47,25.13,1.353,291565.54,745784.63,,11.4308,3.7265,2218483.9998,1992785.9247
20260123,25.71,25.99,25.44,25.73,25.47,1.0208,278618.49,714862.48,,11.5475,3.5611,2241130.4796,2013128.4587
20260126,25.87,26.47,25.2,25.37,25.73,-1.3991,318980.42,817951.025,,11.3859,4.0769,2209773.8153,1984961.8732
20260127,25.19,25.29,24.5,25.15,25.37,-0.8672,244683.87,610034.879,,11.2872,3.1273,2190611.4093,1967748.9598
20260128,25,25.09,24.22,24.36,25.15,-3.1412,238903.99,584208.877,,10.9326,3.0535,2121800.9515,1905938.9527
20260129,24.25,24.44,23.74,23.85,24.36,-2.0936,190999.48,459863.12,,10.7038,2.4412,2077379.0104,1866036.2899
20260130,23.72,23.9,22.92,23.58,23.85,-1.1321,211676.14,495809.283,,10.5826,2.7055,2053861.5122,1844911.3508
20260202,23.58,24.23,23.38,23.58,23.58,0,223923.23,534352.301,,10.5826,2.862,2053861.5122,1844911.3508
20260203,23.71,23.98,23.46,23.98,23.58,1.6964,154964.6,368667.855,,10.7621,1.9806,2088702.2503,1876207.5569
20260204,23.81,23.95,23.54,23.95,23.98,-0.1251,131898.32,312952.846,,10.7486,1.6858,2086089.1949,1873860.3414
20260205,23.81,23.88,23.37,23.41,23.95,-2.2547,118401.67,278951.45,,10.5063,1.5133,2039054.1985,1831610.4632
20260206,23.19,24.07,23.07,23.76,23.41,1.4951,153508.02,364135.055,,10.6634,1.962,2069539.8443,1858994.6435
20260209,24.08,24.16,23.77,24.01,23.76,1.0522,119423.61,285929.689,,10.7756,1.5264,2091315.3057,1878554.7724
20260210,24.08,24.55,23.92,24.38,24.01,1.541,185513.21,451455.056,,10.9416,2.3711,2123542.9884,1907503.763
20260211,24.34,24.5,24.11,24.25,24.38,-0.5332,103041.54,250444.534,,10.8833,1.317,2112219.7485,1897332.496
20260212,24.25,24.4,24.16,24.37,24.25,0.4948,113632.56,276283.861,,10.9371,1.4523,2122671.97,1906721.3579
20260213,24.26,24.58,24.1,24.38,24.37,0.041,173497.73,423323.887,,10.9416,2.2175,2123542.9884,1907503.763
20260224,25.3,25.3,24.21,24.28,24.38,-0.4102,315449.14,771799.66,,10.8967,4.0318,2114832.8039,1899679.7115
20260225,24.3,24.46,23.97,24.22,24.28,-0.2471,200722.03,484790.441,,10.8698,2.5654,2109606.6932,1894985.2806
20260226,24.18,24.18,23.86,23.99,24.22,-0.9496,158040.59,379501.251,,10.7666,2.0199,2089573.2687,1876989.962
20260227,23.99,23.99,23.68,23.75,23.99,-1.0004,155321.46,369287.648,,10.6589,1.9852,2068668.8259,1858212.2384
20260302,23.28,23.35,22.73,22.78,23.75,-4.0842,239336.43,549404.775,,10.2235,3.059,1984180.0359,1782318.9385
20260303,22.89,23.13,21.72,21.74,22.78,-4.5654,224273.21,500277.741,,9.7568,2.8665,1893594.1168,1700948.8026
20260304,21.55,21.9,21.4,21.55,21.74,-0.874,156436.63,338779.937,,9.6715,1.9994,1877044.7662,1686083.1047
20260305,22.26,22.3,21.82,21.99,21.55,2.0418,151981,334510.398,,9.869,1.9425,1915369.5781,1720508.9314
20260306,21.86,22.4,21.76,22.23,21.99,1.0914,129558,287994.564,,9.9767,1.6559,1936274.021,1739286.6551
20260309,21.9,22,21.25,21.88,22.23,-1.5744,192217.93,414819.021,,9.8196,2.4568,1905788.3752,1711902.4748
20260310,22.1,22.41,22.08,22.34,21.88,2.1024,149816.32,333583.039,,6.7775,1.9148,2162061.744,1747893.1118
20260311,22.37,22.75,22.35,22.35,22.34,0.0448,150306.14,338109.908,,6.7806,1.9211,2163029.5425,1748675.517
20260312,22.33,22.39,21.87,22.01,22.35,-1.5213,120151.59,265256.304,,6.6774,1.5357,2130124.3951,1722073.7418
20260313,21.75,21.96,21.36,21.94,22.01,-0.318,182648.56,396277.214,,6.6562,2.3344,2123349.8059,1716596.9057
20260316,21.73,21.94,21.5,21.94,21.94,0,136036.85,295565.93,,6.6562,1.7387,2123349.8059,1716596.9057
20260317,22.05,22.24,21.8,21.82,21.94,-0.5469,145482.99,320711.175,,6.6198,1.8594,2111736.2244,1707208.0438
20260318,21.82,21.97,21.45,21.71,21.82,-0.5041,100120.35,216719.981,,6.5864,1.2796,2101090.4415,1698601.5872
20260319,21.4,21.44,20.91,21,21.71,-3.2704,120703.44,255375.79,,6.371,1.5427,2032376.7513,1643050.8213
20260320,20.99,21.2,20.41,20.42,21,-2.7619,117466,243651.306,,6.195,1.5013,1976244.441,1597671.3224
20260323,20.2,20.66,19.62,19.78,20.42,-3.1342,168759.61,340609.86,,6.0009,2.1569,1914305.34,1547597.3926
20260324,20.15,20.2,19.46,20.01,19.78,1.1628,122690.84,242459.377,,6.0707,1.5681,1936564.7045,1565592.7112
20260325,20.01,20.33,20.01,20.28,20.01,1.3493,112333.74,226961.919,,6.1526,1.4357,1962695.2627,1586717.6503
20260326,20.3,20.48,19.98,20.09,20.28,-0.9369,102023.26,206342.303,,6.0949,1.304,1944307.0921,1571851.9524
20260327,19.78,20.28,19.7,20.13,20.09,0.1991,85972.72,172535.314,,6.1071,1.0988,1948178.2859,1574981.573
20260330,19.88,20.25,19.78,20.13,20.13,0,78594.64,157288.486,,6.1071,1.0045,1948178.2859,1574981.573
20260331,20.19,20.43,20,20.03,20.13,-0.4968,97100.06,196417.691,431.0441,6.0378,1.241,1938500.3014,1567156.4699
20260401,20.31,20.36,20.11,20.25,20.03,1.0984,82256.76,166324.69,435.7785,6.1042,1.0513,1959791.8673,1584369.3717
20260402,20.19,20.21,19.7,19.78,20.25,-2.321,92905.32,185170.147,425.6641,5.9625,1.1874,1914305.34,1547596.3542
20260403,19.84,19.98,19.48,19.49,19.78,-1.4661,71454.94,140558.913,419.4234,5.8751,0.9133,1886239.1849,1524906.62
20260407,19.54,19.6,19.21,19.41,19.49,-0.4105,69680.08,135166.556,417.7018,5.851,0.8906,1878496.7973,1518647.3829
20260408,19.91,20.5,19.88,20.5,19.41,5.6157,167378.49,338660.372,441.1585,6.1795,2.1393,1983986.8287,1603929.4874
20260409,20.27,20.28,20.01,20.04,20.5,-2.2439,93129.56,187318.659,431.2593,6.0409,1.1903,1939468.0998,1567938.8745
20260410,20.28,20.72,20.23,20.47,20.04,2.1457,122891.73,252111.775,440.5129,6.1705,1.5707,1981083.4333,1601582.2735
20260413,20.35,20.75,20.28,20.63,20.47,0.7816,107096.98,220595.954,443.9561,6.2187,1.3688,1996568.2085,1614100.7476
20260414,20.77,20.93,20.69,20.91,20.63,1.3572,104134.69,216777.735,449.9816,6.3031,1.331,2023666.5652,1636008.0771
20260415,21.12,21.16,20.69,20.72,20.91,-0.9087,98157.56,205460.823,445.8929,6.2458,1.2546,2005278.3946,1621142.3892
20260416,20.81,21.02,20.81,20.97,20.72,1.2066,97517.31,204267.596,451.2728,6.3212,1.2464,2029473.3559,1640702.5049
20260417,21,21.42,20.81,21.37,20.97,1.9075,150475.09,319268.242,459.8808,6.4418,1.9232,2068185.2941,1671998.69
20260420,21.37,21.58,21.25,21.43,21.37,0.2808,123882.13,265814.492,461.172,6.4599,1.5834,2073992.0848,1676693.1178
20260421,21.35,21.41,20.97,21.18,21.43,-1.1666,109960.65,232301.079,455.792,6.3845,1.4054,2049797.1235,1657133.0021
20260422,21.04,21.24,20.99,21.18,21.18,0,88920.07,188103.999,455.792,6.3845,1.1365,2049797.1235,1657133.0021
20260423,21.25,21.35,20.8,20.87,21.18,-1.4636,100935.52,211832.024,449.1209,6.2911,1.2901,2019795.3714,1632878.4586
20260424,20.76,20.95,20.43,20.62,20.87,-1.1979,90304.18,186249.277,443.7409,6.2157,1.1542,1995600.4101,1613318.3429
20260427,20.6,21.17,20.54,20.95,20.62,1.6004,96026.46,201223.601,450.8424,6.3152,1.2273,2027537.759,1639137.6957
20260428,20.91,20.92,20.25,20.38,20.95,-2.7208,99554,204296.837,438.5761,6.1434,1.2724,1972373.2472,1594540.6319
20260429,20.34,20.84,20.27,20.8,20.38,2.0608,101437.04,209388.785,447.6145,6.27,1.2965,2013020.7822,1627401.6262
20260430,21.51,22.09,21.51,21.87,20.8,5.1442,331035.12,722574.65,162.5897,6.5371,4.231,2116575.2167,1711118.9214
20260506,22.31,23.3,22.28,22.83,21.87,4.3896,379965.91,869547.617,169.7267,6.8241,4.8564,2209483.8682,1786229.7657
20260507,23.11,23.47,22.76,23.46,22.83,2.7595,294078.83,685348.792,174.4104,7.0124,3.7587,2270455.1707,1835521.2573
20260508,23.25,24.51,23.12,24.08,23.46,2.6428,449539,1080288.696,179.0197,7.1977,5.7456,2330458.6748,1884030.3442
20260511,24.09,24.41,23.62,24.23,24.08,0.6229,412442.51,991965.311,180.1348,7.2425,5.2715,2344975.6516,1895766.4136
20260512,24.19,24.74,24.03,24.57,24.23,1.4032,352522.29,863482.512,182.6625,7.3442,4.5056,2377880.799,1922368.171
20260513,24.43,24.51,24.02,24.2,24.57,-1.5059,300116.61,725891.674,179.9118,7.2336,3.8358,2342072.2563,1893419.1998
20260514,24.18,24.45,23.72,23.74,24.2,-1.9008,286303.02,687998.287,176.492,7.0961,3.6593,2297553.5274,1857428.5869
20260515,23.67,26.11,23.67,25.43,23.74,7.1188,881468.07,2236411.142,189.0561,7.6012,11.2661,2461111.466,1989654.969
20260518,25.43,26.56,25.15,26.07,25.43,2.5167,742759.77,1936535.654,193.8141,7.7925,9.4933,2523050.567,2039728.8652
20260519,26,26.96,25.8,26.86,26.07,3.0303,599551.16,1594763.181,199.6872,8.0287,7.6629,2599506.6448,2101538.8308
20260520,26.6,26.79,26,26.1,26.86,-2.8295,492775.97,1292486.45,194.0371,7.8015,6.2982,2525953.9623,2042076.0791
20260521,26.39,28.71,26.16,28.7,26.1,9.9617,1117282.77,3142669.73,213.3665,8.5786,14.2801,2777581.5601,2245501.2824
20260522,28.35,29.33,27.5,29.07,28.7,1.2892,1216898.52,3478161.839,216.1172,8.6892,15.5533,2813390.1029,2274450.2536
20260525,28.86,30.5,28.15,28.61,29.07,-1.5824,1023029.37,2966023.449,212.6974,8.5517,13.0755,2768871.374,2238459.6407
20260526,28.61,30.45,28.46,30.03,28.61,4.9633,1197984.34,3521660.054,223.2542,8.9762,15.3116,2906298.7544,2349561.0979
20260527,28.9,30.18,28.25,28.43,30.03,-5.328,940357.52,2723162.342,211.3592,8.4979,12.0188,2751451.0019,2224376.3574
20260528,28.2,28.71,27.32,28.32,28.43,-0.3869,844706,2365162.533,210.5414,8.4651,10.7963,2740805.2189,2215769.9065
20260529,28.32,29.87,27.54,27.72,28.32,-2.1186,676894.43,1927100.849,206.0808,8.2857,8.6515,2682737.3117,2168825.6288
20260601,27.55,27.88,26.75,26.77,27.72,-3.4271,540280.01,1470221.604,199.0181,8.0017,6.9054,2590796.4587,2094497.1892
20260602,27.26,28.17,26.92,26.96,26.77,0.7097,476597.44,1305929.68,200.4307,8.0585,6.0914,2609184.6293,2109362.8771
20260603,26.98,29.66,26.54,29.04,26.96,7.7151,1073894.12,3098319.273,215.8941,8.6803,13.7256,2810486.7075,2272103.0397
20260604,28.5,30.77,28.38,29.49,29.04,1.5496,915894.18,2723019.634,219.2396,8.8148,11.7061,2854037.6379,2307311.248
20260605,29.47,32,28.11,31.02,29.49,5.1882,960222.9,2896509.134,230.6142,9.2721,12.2727,3002110.8012,2427019.1561
20260608,30.4,34.12,30.36,34.12,31.02,9.9936,1128945.71,3679820.423,253.6608,10.1987,14.4292,3302128.3216,2669564.5907
20260609,36.01,37.53,35.2,37.53,34.12,9.9941,758853.54,2777157.76,279.012,11.218,9.699,3632147.5941,2936364.5689
20260610,39.66,39.9,35.31,35.8,37.53,-4.6096,1940058.19,7248661.81,266.1505,10.7009,24.7961,3464718.4617,2801008.5682
20260611,35,35.64,32.9,33.35,35.8,-6.8436,1165707.59,3935602.78,247.9363,9.9686,14.899,3227607.8408,2609319.4344
20260612,33.74,35.68,32.06,32.22,33.35,-3.3883,1129969.56,3786313.316,239.5355,9.6308,14.4423,3118246.6156,2520907.7114
20260615,32.79,33.39,31.87,33.23,32.22,3.1347,891380.92,2931338.866,247.0442,9.9327,11.3928,3215994.2593,2599930.5788
20260616,33.12,34.83,32.3,33.9,33.23,2.0163,1082931.54,3650547.273,252.0252,10.133,13.8411,3280836.7557,2652351.6889
20260617,33.68,34.28,32.8,33.18,33.9,-2.1239,783462.18,2616954.462,246.6724,9.9177,10.0135,3211155.2671,2596018.5557
20260618,33.53,36.5,33.29,36.5,33.18,10.006,729034.84,2578064.708,271.3546,10.9101,9.3179,3532464.3535,2855776.8922
20260622,36.6,38.05,35.58,37.19,36.5,1.8904,1374104.76,5063448.918,276.4843,11.1164,17.5626,3599242.4467,2909762.8115
20260623,36.45,38.99,35.01,38.25,37.19,2.8502,1326180.29,4997602.449,284.3647,11.4332,16.9501,3701829.0827,2992697.7021
20260624,37.2,38.99,36.62,37.62,38.25,-1.6471,1083085.38,4079035.495,279.6811,11.2449,13.843,3640857.7802,2943406.2105
20260625,37.41,39.8,35.45,36.87,37.62,-1.9936,1233380.92,4639573.331,274.1053,11.0207,15.764,3568272.8962,2884725.8634
20260626,35.8,36.88,34.58,34.67,36.87,-5.9669,967451.7,3422097.383,257.7497,10.3631,12.3651,3355357.2366,2712596.8453
20260629,35.02,36.23,32.93,33.94,34.67,-2.1056,792023.26,2719871.748,252.3226,10.1449,10.1229,3284707.9495,2655481.3074
20260630,34.63,37.33,33.48,37.33,33.94,9.9882,686299.91,2452028.786,277.5251,11.1582,8.7717,3612791.625,2920716.4763
20260701,39.01,41.06,39.01,41.06,37.33,9.992,541481.17,2197218.339,305.2553,12.2731,6.9207,3973780.448,3212553.4026
20260702,42.81,42.81,39.05,40.7,41.06,-0.8768,1756093.88,7230978.491,302.5789,12.1655,22.4448,3938939.7037,3184386.836
20260703,42.02,44.77,41.02,44.77,40.7,10,1267428.36,5508068.594,332.8368,13.3821,16.1991,4332833.6741,3502825.5196